twa/tws;4;6;8;10;12;14;16;20;24
36.89;;;;;;;4.48;;
37;;;;;;;4.51;4.5;
37.08;;;;;;4.39;4.53;4.52;
37.56;;;;;4.2;4.53;4.67;4.66;
37.77;;;;;4.26;4.59;4.73;4.72;4.38
38.41;;;;3.82;4.43;4.76;4.91;4.9;4.56
39.76;;;;4.17;4.79;5.12;5.26;5.26;4.93
40;;;3.27;4.23;4.85;5.18;5.32;5.32;5
41.32;;2.47;3.58;4.55;5.17;5.5;5.65;5.65;5.35
42.84;1.62;2.79;3.93;4.94;5.56;5.89;6.03;6.04;5.76
45;1.97;3.25;4.5;5.53;6.12;6.42;6.55;6.57;6.35
50;3.24;4.83;5.96;6.7;7.13;7.35;7.45;7.5;7.46
55;3.92;5.39;6.4;7.05;7.43;7.64;7.72;7.8;7.81
60;4.07;5.54;6.55;7.18;7.54;7.75;7.83;7.94;7.96
65;4.19;5.66;6.66;7.27;7.62;7.84;7.95;8.08;8.12
70;4.29;5.75;6.75;7.34;7.69;7.91;8.06;8.2;8.27
75;4.33;5.79;6.79;7.38;7.73;7.96;8.14;8.32;8.42
80;4.31;5.77;6.78;7.4;7.75;8;8.19;8.43;8.58
85;4.26;5.73;6.77;7.41;7.77;8.02;8.23;8.54;8.73
90;4.21;5.7;6.76;7.42;7.79;8.06;8.28;8.65;8.88
95;4.17;5.68;6.77;7.46;7.84;8.13;8.36;8.75;9.01
100;4.14;5.67;6.8;7.51;7.91;8.22;8.47;8.84;9.13
105;4.1;5.65;6.83;7.56;7.97;8.3;8.57;8.94;9.25
110;4.05;5.63;6.84;7.58;8;8.34;8.63;9.05;9.41
115;3.98;5.57;6.79;7.55;7.99;8.34;8.66;9.25;9.66
120;3.88;5.46;6.69;7.48;7.96;8.34;8.68;9.38;9.89
125;3.74;5.31;6.55;7.38;7.9;8.3;8.65;9.36;10.02
130;3.56;5.12;6.35;7.25;7.8;8.2;8.56;9.32;10.13
135;3.37;4.9;6.12;7.08;7.67;8.09;8.46;9.26;10.17
140;3.17;4.65;5.86;6.86;7.52;7.97;8.35;9.15;10.07
145;2.96;4.37;5.57;6.59;7.33;7.83;8.21;8.96;9.82
150;2.79;4.12;5.28;6.29;7.08;7.62;8;8.7;9.5
155;2.66;3.92;5.01;5.96;6.72;7.24;7.61;8.27;9.02
160;2.55;3.74;4.74;5.59;6.21;6.65;6.97;7.6;8.31
165;2.47;3.59;4.48;5.18;5.61;5.92;6.19;6.78;7.44
170;2.41;3.48;4.27;4.84;5.1;5.29;5.52;6.07;6.7
175;2.38;3.41;4.14;4.64;4.79;4.93;5.12;5.66;6.26
180;2.37;3.39;4.1;4.57;4.69;4.8;4.99;5.52;6.12
